# Written by lpc2026-slides/dcache-summary.py; do not edit.
# efficios-trie-benchmark 253d8e4, sweep 3225b8ec0e79-2793224e:
# bucket lock + SW txn / seqlock baseline, as that tree's
# scripts/plot_dcache_bucketlock_summary.py computes it.
y,key,par,faster,slower,capacity
-2.25,lookup-low,1.0233,nan,nan,nan
-2.25,lookup-low,1.0630,nan,nan,nan
-3.25,lookup-rest,0.9873,nan,nan,nan
-3.25,lookup-rest,0.9942,nan,nan,nan
-3.25,lookup-rest,0.9969,nan,nan,nan
-3.25,lookup-rest,0.9975,nan,nan,nan
-3.25,lookup-rest,0.9979,nan,nan,nan
-3.25,lookup-rest,1.0012,nan,nan,nan
-3.25,lookup-rest,1.0031,nan,nan,nan
-3.25,lookup-rest,1.0084,nan,nan,nan
-3.25,lookup-rest,1.0092,nan,nan,nan
-3.25,lookup-rest,1.0268,nan,nan,nan
-3.25,lookup-rest,1.0499,nan,nan,nan
-4.25,churn-alloc,0.9923,nan,nan,nan
-4.25,churn-alloc,0.9927,nan,nan,nan
-4.25,churn-alloc,0.9931,nan,nan,nan
-4.25,churn-alloc,0.9951,nan,nan,nan
-4.25,churn-alloc,0.9970,nan,nan,nan
-4.25,churn-alloc,0.9973,nan,nan,nan
-4.25,churn-alloc,0.9974,nan,nan,nan
-4.25,churn-alloc,0.9989,nan,nan,nan
-4.25,churn-alloc,0.9995,nan,nan,nan
-4.25,churn-alloc,1.0003,nan,nan,nan
-4.25,churn-alloc,1.0009,nan,nan,nan
-4.25,churn-alloc,1.0039,nan,nan,nan
-4.25,churn-alloc,1.0061,nan,nan,nan
-4.25,churn-alloc,1.0246,nan,nan,nan
-4.25,churn-alloc,1.0265,nan,nan,nan
-4.25,churn-alloc,1.0266,nan,nan,nan
-4.25,churn-alloc,1.0268,nan,nan,nan
-4.25,churn-alloc,1.0298,nan,nan,nan
-4.25,churn-alloc,1.0340,nan,nan,nan
-6.5,lookup-high,nan,1.1827,nan,nan
-6.5,lookup-high,nan,1.8461,nan,nan
-7.5,dpath,nan,1.3988,nan,nan
-7.5,dpath,nan,1.4273,nan,nan
-7.5,dpath,nan,1.5288,nan,nan
-7.5,dpath,nan,2.0998,nan,nan
-7.5,dpath,nan,6.7452,nan,nan
-8.5,readdir,nan,1.1135,nan,nan
-8.5,readdir,nan,1.1959,nan,nan
-8.5,readdir,nan,1.2820,nan,nan
-8.5,readdir,nan,1.8841,nan,nan
-8.5,readdir,nan,2.4402,nan,nan
-8.5,readdir,nan,3.3847,nan,nan
-9.5,churn-inplace,nan,1.1264,nan,nan
-9.5,churn-inplace,nan,1.1356,nan,nan
-9.5,churn-inplace,nan,1.1369,nan,nan
-9.5,churn-inplace,nan,1.1598,nan,nan
-9.5,churn-inplace,nan,1.1731,nan,nan
-9.5,churn-inplace,nan,1.2014,nan,nan
-9.5,churn-inplace,nan,1.2076,nan,nan
-11.75,hit,nan,nan,0.8016,nan
-11.75,hit,nan,nan,0.8361,nan
-11.75,hit,nan,nan,0.8426,nan
-11.75,hit,nan,nan,0.8444,nan
-11.75,hit,nan,nan,0.8692,nan
-11.75,hit,nan,nan,0.8727,nan
-11.75,hit,nan,nan,0.8956,nan
-11.75,hit,nan,nan,0.8980,nan
-11.75,hit,nan,nan,0.9076,nan
-11.75,hit,nan,nan,0.9277,nan
-12.75,hit-rest,nan,nan,0.9009,nan
-12.75,hit-rest,nan,nan,0.9041,nan
-12.75,hit-rest,nan,nan,0.9092,nan
-12.75,hit-rest,nan,nan,0.9111,nan
-12.75,hit-rest,nan,nan,0.9166,nan
-12.75,hit-rest,nan,nan,0.9191,nan
-12.75,hit-rest,nan,nan,0.9397,nan
-12.75,hit-rest,nan,nan,0.9400,nan
-12.75,hit-rest,nan,nan,0.9470,nan
-12.75,hit-rest,nan,nan,0.9489,nan
-12.75,hit-rest,nan,nan,0.9553,nan
-15.0,cap-leaf,nan,nan,nan,20.6875
-15.0,cap-leaf,nan,nan,nan,21.2765
-15.0,cap-leaf,nan,nan,nan,21.3199
-15.0,cap-leaf,nan,nan,nan,21.5645
-16.0,cap-dir,nan,nan,nan,4.0186
-16.0,cap-dir,nan,nan,nan,4.2839
-16.0,cap-dir,nan,nan,nan,4.4574
-16.0,cap-dir,nan,nan,nan,4.4883
