writers,bit,bit_ep,bit_em,stripe,stripe_ep,stripe_em,rcu,rcu_ep,rcu_em,mutex,mutex_ep,mutex_em
1,8.02,0.04,0.47,7.93,0.03,0.48,15.87,0.15,0.29,8.91,0.02,0.60
2,15.58,0.11,0.36,14.12,0.15,0.09,27.06,0.45,0.11,5.65,0.09,0.41
4,20.94,0.55,0.45,21.29,0.32,0.10,36.84,0.37,0.29,4.22,0.03,0.01
8,42.79,0.44,0.26,34.75,0.80,0.19,62.04,0.56,0.47,3.54,0.00,0.02
16,52.20,0.80,1.35,51.14,1.20,0.40,60.02,1.09,2.09,1.88,0.02,0.03
32,104.69,0.97,1.83,91.85,1.82,1.85,129.58,0.60,0.27,1.72,0.05,0.03
64,147.58,1.34,0.58,132.27,0.57,0.83,165.30,0.35,0.38,1.51,0.01,0.01
96,194.84,0.28,0.61,175.43,0.29,0.69,264.48,1.54,0.69,1.46,0.03,0.01
128,202.65,39.78,1.49,194.47,0.51,31.98,225.76,4.23,35.25,1.13,0.11,0.18
160,259.03,22.46,2.53,230.14,0.47,22.11,256.17,0.27,20.06,1.00,0.05,0.01
191,336.35,5.28,5.89,279.82,5.87,1.45,307.33,30.84,19.62,1.05,0.01,0.01
192,376.66,4.02,1.57,302.03,1.83,2.89,379.31,13.47,1.60,1.06,0.00,0.00
